uid,lat_origin,lng_origin,cluster_origin,cluster_origin_lat,cluster_origin_lng,datetime,month,day,day_of_week,hour_in_day,minute_in_hour,timedelta,dest_lat,dest_lng,cluster_dest,cluster_dest_lat,cluster_dest_lng
004,39.999047250000004,116.32696974999999,0,39.9996055,116.32686100000001,2008-10-28 15:44:52+08:00,10,28,1,15,44,169.3,39.991891,116.32528400000001,0,39.9996055,116.32686100000001
004,39.991891,116.32528400000001,0,39.9996055,116.32686100000001,2008-10-29 15:09:23+08:00,10,29,2,15,9,140.71666666666667,39.999991,116.327028,0,39.9996055,116.32686100000001
004,39.999991,116.327028,0,39.9996055,116.32686100000001,2008-10-30 09:52:47+08:00,10,30,3,9,52,111.36666666666666,39.999874500000004,116.32647499999999,0,39.9996055,116.32686100000001
004,39.999874500000004,116.32647499999999,0,39.9996055,116.32686100000001,2008-10-30 12:20:28+08:00,10,30,3,12,20,126.28333333333333,39.999599,116.3270955,0,39.9996055,116.32686100000001
004,39.999599,116.3270955,0,39.9996055,116.32686100000001,2008-10-30 15:18:29+08:00,10,30,3,15,18,73.51666666666667,40.000185,116.326537,0,39.9996055,116.32686100000001
004,40.000185,116.326537,0,39.9996055,116.32686100000001,2008-10-31 10:13:00+08:00,10,31,4,10,13,93.46666666666667,40.0058075,116.3253435,0,39.9996055,116.32686100000001
004,40.0058075,116.3253435,0,39.9996055,116.32686100000001,2008-10-31 11:57:58+08:00,10,31,4,11,57,78.81666666666666,39.999957,116.32658875,0,39.9996055,116.32686100000001
004,39.999072,116.32675,0,39.9996055,116.32686100000001,2008-11-01 13:18:20+08:00,11,1,5,13,18,262.6,39.990558,116.334058,0,39.9996055,116.32686100000001
004,39.990558,116.334058,0,39.9996055,116.32686100000001,2008-11-01 17:49:36+08:00,11,1,5,17,49,63.06666666666667,40.00071675,116.3269925,0,39.9996055,116.32686100000001
004,39.999872,116.327084,0,39.9996055,116.32686100000001,2008-11-03 14:15:07+08:00,11,3,0,14,15,133.6,40.011604,116.321624,6,40.009533250000004,116.32199324999999
004,40.011604,116.321624,6,40.009533250000004,116.32199324999999,2008-11-04 01:02:01+08:00,11,4,1,1,2,482.75,40.010374,116.32078975,6,40.009533250000004,116.32199324999999
004,40.010374,116.32078975,6,40.009533250000004,116.32199324999999,2008-11-05 03:22:01+08:00,11,5,2,3,22,290.0,39.9998095,116.32557675,0,39.9996055,116.32686100000001
004,39.9998095,116.32557675,0,39.9996055,116.32686100000001,2008-11-05 08:24:56+08:00,11,5,2,8,24,164.11666666666667,40.0000775,116.3273725,0,39.9996055,116.32686100000001
004,40.0000775,116.3273725,0,39.9996055,116.32686100000001,2008-11-05 14:09:48+08:00,11,5,2,14,9,61.88333333333333,40.0007285,116.32392150000001,0,39.9996055,116.32686100000001
004,39.999914,116.326698,0,39.9996055,116.32686100000001,2008-11-07 10:04:52+08:00,11,7,4,10,4,87.26666666666667,40.000015,116.325573,0,39.9996055,116.32686100000001
004,40.0096045,116.323415,6,40.009533250000004,116.32199324999999,2008-11-10 03:16:21+08:00,11,10,0,3,16,362.53333333333336,40.00014125,116.32550549999999,0,39.9996055,116.32686100000001
004,40.00014125,116.32550549999999,0,39.9996055,116.32686100000001,2008-11-10 09:22:03+08:00,11,10,0,9,22,169.36666666666667,40.009750499999996,116.322553,6,40.009533250000004,116.32199324999999
004,40.009750499999996,116.322553,6,40.009533250000004,116.32199324999999,2008-11-10 12:15:45+08:00,11,10,0,12,15,242.76666666666668,39.999888,116.32695100000001,0,39.9996055,116.32686100000001
004,39.999888,116.32695100000001,0,39.9996055,116.32686100000001,2008-11-10 16:23:11+08:00,11,10,0,16,23,89.35,39.999869,116.327168,0,39.9996055,116.32686100000001
004,39.999869,116.327168,0,39.9996055,116.32686100000001,2008-11-11 10:50:07+08:00,11,11,1,10,50,79.41666666666667,40.00057775,116.32702475,0,39.9996055,116.32686100000001
004,40.00057775,116.32702475,0,39.9996055,116.32686100000001,2008-11-11 12:44:47+08:00,11,11,1,12,44,141.05,39.999135499999994,116.32693599999999,0,39.9996055,116.32686100000001
004,39.999135499999994,116.32693599999999,0,39.9996055,116.32686100000001,2008-11-11 15:57:38+08:00,11,11,1,15,57,136.06666666666666,40.000646,116.325551,0,39.9996055,116.32686100000001
004,40.000646,116.325551,0,39.9996055,116.32686100000001,2008-11-12 15:15:06+08:00,11,12,2,15,15,145.2,40.0030375,116.3224115,0,39.9996055,116.32686100000001
004,40.011089,116.321918,6,40.009533250000004,116.32199324999999,2008-11-14 06:12:39+08:00,11,14,4,6,12,267.48333333333335,40.00593225,116.324876,0,39.9996055,116.32686100000001
004,40.00593225,116.324876,0,39.9996055,116.32686100000001,2008-11-14 11:53:04+08:00,11,14,4,11,53,93.16666666666667,39.999862,116.327193,0,39.9996055,116.32686100000001
004,39.9998885,116.327,0,39.9996055,116.32686100000001,2008-11-15 16:05:45+08:00,11,15,5,16,5,121.15,39.99056,116.333962,0,39.9996055,116.32686100000001
004,39.99056,116.333962,0,39.9996055,116.32686100000001,2008-11-15 18:18:44+08:00,11,15,5,18,18,62.3,39.999946,116.32728,0,39.9996055,116.32686100000001
004,39.999946,116.32728,0,39.9996055,116.32686100000001,2008-11-18 16:26:38+08:00,11,18,1,16,26,116.63333333333334,39.99939075,116.32681149999999,0,39.9996055,116.32686100000001
004,39.99939075,116.32681149999999,0,39.9996055,116.32686100000001,2008-11-18 19:42:05+08:00,11,18,1,19,42,68.88333333333334,39.999469,116.32689775,0,39.9996055,116.32686100000001
004,39.999469,116.32689775,0,39.9996055,116.32686100000001,2008-11-19 14:55:27+08:00,11,19,2,14,55,182.93333333333334,39.999879,116.327239,0,39.9996055,116.32686100000001
004,39.999879,116.327239,0,39.9996055,116.32686100000001,2008-11-20 08:24:26+08:00,11,20,3,8,24,218.56666666666666,40.000757,116.326893,0,39.9996055,116.32686100000001
004,40.000757,116.326893,0,39.9996055,116.32686100000001,2008-11-20 12:33:39+08:00,11,20,3,12,33,320.3333333333333,40.000752,116.3245275,0,39.9996055,116.32686100000001
004,40.000752,116.3245275,0,39.9996055,116.32686100000001,2008-11-20 18:34:09+08:00,11,20,3,18,34,245.33333333333334,40.005846,116.325625,0,39.9996055,116.32686100000001
004,40.005846,116.325625,0,39.9996055,116.32686100000001,2008-11-21 11:53:08+08:00,11,21,4,11,53,81.61666666666666,39.999914,116.327131,0,39.9996055,116.32686100000001
004,39.999914,116.327131,0,39.9996055,116.32686100000001,2008-11-21 13:18:35+08:00,11,21,4,13,18,71.66666666666667,39.99906375,116.32720425,0,39.9996055,116.32686100000001
004,40.009637,116.3231725,6,40.009533250000004,116.32199324999999,2008-12-01 02:14:35+08:00,12,1,0,2,14,337.05,39.9999385,116.32599400000001,0,39.9996055,116.32686100000001
004,39.9999385,116.32599400000001,0,39.9996055,116.32686100000001,2008-12-01 07:56:58+08:00,12,1,0,7,56,230.0,40.008925500000004,116.3241345,6,40.009533250000004,116.32199324999999
004,40.008925500000004,116.3241345,6,40.009533250000004,116.32199324999999,2008-12-01 11:50:58+08:00,12,1,0,11,50,201.8,40.00069425,116.3251325,0,39.9996055,116.32686100000001
004,40.00069425,116.3251325,0,39.9996055,116.32686100000001,2008-12-01 15:14:56+08:00,12,1,0,15,14,142.61666666666667,40.00960325,116.323017,6,40.009533250000004,116.32199324999999
004,40.00960325,116.323017,6,40.009533250000004,116.32199324999999,2008-12-02 00:43:31+08:00,12,2,1,0,43,360.06666666666666,39.9998955,116.3269115,0,39.9996055,116.32686100000001
004,39.9998955,116.3269115,0,39.9996055,116.32686100000001,2008-12-02 10:27:33+08:00,12,2,1,10,27,88.88333333333334,39.99928,116.3269325,0,39.9996055,116.32686100000001
004,39.99928,116.3269325,0,39.9996055,116.32686100000001,2008-12-02 12:58:47+08:00,12,2,1,12,58,278.65,40.000488,116.32679,0,39.9996055,116.32686100000001
004,40.000488,116.32679,0,39.9996055,116.32686100000001,2008-12-03 08:37:17+08:00,12,3,2,8,37,68.06666666666666,39.999049,116.326473,0,39.9996055,116.32686100000001
004,39.999049,116.326473,0,39.9996055,116.32686100000001,2008-12-03 13:38:08+08:00,12,3,2,13,38,271.53333333333336,39.999907,116.327263,0,39.9996055,116.32686100000001
004,40.000208,116.32705050000001,0,39.9996055,116.32686100000001,2008-12-05 15:07:51+08:00,12,5,4,15,7,138.81666666666666,39.991706,116.326349,0,39.9996055,116.32686100000001
004,39.991706,116.326349,0,39.9996055,116.32686100000001,2008-12-07 14:37:57+08:00,12,7,6,14,37,125.66666666666667,40.0022515,116.326605,0,39.9996055,116.32686100000001
004,40.0022515,116.326605,0,39.9996055,116.32686100000001,2008-12-07 17:09:45+08:00,12,7,6,17,9,125.11666666666666,39.991161,116.32322300000001,0,39.9996055,116.32686100000001
004,39.991161,116.32322300000001,0,39.9996055,116.32686100000001,2008-12-07 19:48:22+08:00,12,7,6,19,48,84.96666666666667,39.99878925,116.32691825,0,39.9996055,116.32686100000001
004,39.99878925,116.32691825,0,39.9996055,116.32686100000001,2008-12-08 09:45:26+08:00,12,8,0,9,45,121.7,39.998173,116.3267385,0,39.9996055,116.32686100000001
004,39.998173,116.3267385,0,39.9996055,116.32686100000001,2008-12-08 13:20:47+08:00,12,8,0,13,20,76.98333333333333,39.999341,116.32720625,0,39.9996055,116.32686100000001
004,39.999341,116.32720625,0,39.9996055,116.32686100000001,2008-12-09 13:06:37+08:00,12,9,1,13,6,139.8,39.9999215,116.3273875,0,39.9996055,116.32686100000001
004,39.9999215,116.3273875,0,39.9996055,116.32686100000001,2008-12-09 16:13:44+08:00,12,9,1,16,13,219.38333333333333,39.99948525,116.32723175000001,0,39.9996055,116.32686100000001
004,39.99948525,116.32723175000001,0,39.9996055,116.32686100000001,2008-12-10 10:00:02+08:00,12,10,2,10,0,104.93333333333334,40.010264,116.32220849999999,6,40.009533250000004,116.32199324999999
004,40.010264,116.32220849999999,6,40.009533250000004,116.32199324999999,2008-12-10 18:41:23+08:00,12,10,2,18,41,113.06666666666666,39.99982175,116.32674075,0,39.9996055,116.32686100000001
004,39.99982175,116.32674075,0,39.9996055,116.32686100000001,2008-12-10 20:42:57+08:00,12,10,2,20,42,71.55,40.0004555,116.325842,0,39.9996055,116.32686100000001
004,40.0004555,116.325842,0,39.9996055,116.32686100000001,2008-12-12 10:08:46+08:00,12,12,4,10,8,83.93333333333334,40.005967,116.325676,0,39.9996055,116.32686100000001
004,40.005967,116.325676,0,39.9996055,116.32686100000001,2008-12-12 11:52:54+08:00,12,12,4,11,52,89.1,39.9999415,116.32687125,0,39.9996055,116.32686100000001
004,39.9999415,116.32687125,0,39.9996055,116.32686100000001,2008-12-12 13:45:12+08:00,12,12,4,13,45,251.21666666666667,39.999637,116.326973,0,39.9996055,116.32686100000001
004,39.999637,116.326973,0,39.9996055,116.32686100000001,2008-12-13 12:31:20+08:00,12,13,5,12,31,334.68333333333334,39.999859,116.327296,0,39.9996055,116.32686100000001
004,39.999859,116.327296,0,39.9996055,116.32686100000001,2008-12-14 13:05:38+08:00,12,14,6,13,5,126.76666666666667,39.999935,116.32735600000001,0,39.9996055,116.32686100000001
004,39.998903,116.326738,0,39.9996055,116.32686100000001,2008-12-16 09:38:07+08:00,12,16,1,9,38,140.31666666666666,39.999881,116.32706,0,39.9996055,116.32686100000001
004,39.999881,116.32706,0,39.9996055,116.32686100000001,2008-12-16 12:29:54+08:00,12,16,1,12,29,298.95,40.000179,116.32612499999999,0,39.9996055,116.32686100000001
004,39.999435,116.32676824999999,0,39.9996055,116.32686100000001,2008-12-17 12:37:25+08:00,12,17,2,12,37,62.0,40.000322999999995,116.3255825,0,39.9996055,116.32686100000001
004,40.000322999999995,116.3255825,0,39.9996055,116.32686100000001,2008-12-18 08:59:03+08:00,12,18,3,8,59,196.45,40.00955,116.323219,6,40.009533250000004,116.32199324999999
004,40.00955,116.323219,6,40.009533250000004,116.32199324999999,2008-12-18 13:47:55+08:00,12,18,3,13,47,66.25,40.00074275,116.32721774999999,0,39.9996055,116.32686100000001
004,40.00074275,116.32721774999999,0,39.9996055,116.32686100000001,2008-12-18 14:57:35+08:00,12,18,3,14,57,201.5,40.00003,116.327095,0,39.9996055,116.32686100000001
004,40.00003,116.327095,0,39.9996055,116.32686100000001,2008-12-19 08:46:56+08:00,12,19,4,8,46,177.51666666666668,40.005848,116.325478,0,39.9996055,116.32686100000001
004,40.005848,116.325478,0,39.9996055,116.32686100000001,2008-12-19 12:00:32+08:00,12,19,4,12,0,86.26666666666667,39.999954,116.326279,0,39.9996055,116.32686100000001
004,39.999954,116.326279,0,39.9996055,116.32686100000001,2008-12-19 13:29:23+08:00,12,19,4,13,29,242.28333333333333,40.000529,116.327215,0,39.9996055,116.32686100000001
004,40.000529,116.327215,0,39.9996055,116.32686100000001,2008-12-19 18:07:15+08:00,12,19,4,18,7,209.8,39.999816,116.326937,0,39.9996055,116.32686100000001
004,39.999816,116.326937,0,39.9996055,116.32686100000001,2008-12-20 12:54:16+08:00,12,20,5,12,54,283.0833333333333,39.989846,116.334093,0,39.9996055,116.32686100000001
004,39.989846,116.334093,0,39.9996055,116.32686100000001,2008-12-20 17:49:16+08:00,12,20,5,17,49,61.516666666666666,39.999579,116.32693649999999,0,39.9996055,116.32686100000001
004,39.999579,116.32693649999999,0,39.9996055,116.32686100000001,2008-12-21 14:54:16+08:00,12,21,6,14,54,160.68333333333334,39.9926235,116.327217,0,39.9996055,116.32686100000001
004,39.9926235,116.327217,0,39.9996055,116.32686100000001,2008-12-21 17:41:22+08:00,12,21,6,17,41,60.3,39.99929,116.327309,0,39.9996055,116.32686100000001
004,39.99929,116.327309,0,39.9996055,116.32686100000001,2008-12-21 18:45:55+08:00,12,21,6,18,45,291.1666666666667,40.000146,116.32717,0,39.9996055,116.32686100000001
004,40.000146,116.32717,0,39.9996055,116.32686100000001,2008-12-24 09:35:33+08:00,12,24,2,9,35,146.06666666666666,40.010621,116.322787,6,40.009533250000004,116.32199324999999
004,40.010621,116.322787,6,40.009533250000004,116.32199324999999,2008-12-24 12:03:22+08:00,12,24,2,12,3,250.16666666666666,39.999959,116.3268845,0,39.9996055,116.32686100000001
004,39.999959,116.3268845,0,39.9996055,116.32686100000001,2008-12-26 13:26:10+08:00,12,26,4,13,26,267.4166666666667,39.99595875,116.326554,0,39.9996055,116.32686100000001
004,39.99595875,116.326554,0,39.9996055,116.32686100000001,2008-12-26 17:53:35+08:00,12,26,4,17,53,141.3,39.99929275,116.32698325000001,0,39.9996055,116.32686100000001
004,39.99929275,116.32698325000001,0,39.9996055,116.32686100000001,2008-12-31 13:15:47+08:00,12,31,2,13,15,283.4,40.0000155,116.3272885,0,39.9996055,116.32686100000001
004,40.0000155,116.3272885,0,39.9996055,116.32686100000001,2009-01-01 15:49:06+08:00,1,1,3,15,49,113.08333333333333,40.003249,116.32606025,0,39.9996055,116.32686100000001
004,40.003249,116.32606025,0,39.9996055,116.32686100000001,2009-01-04 15:50:58+08:00,1,4,6,15,50,95.65,40.009616,116.322649,6,40.009533250000004,116.32199324999999
004,40.009616,116.322649,6,40.009533250000004,116.32199324999999,2009-01-04 17:34:07+08:00,1,4,6,17,34,97.9,39.999872499999995,116.32708650000001,0,39.9996055,116.32686100000001
004,39.999872499999995,116.32708650000001,0,39.9996055,116.32686100000001,2009-01-05 09:54:08+08:00,1,5,0,9,54,127.88333333333334,40.000279,116.327556,0,39.9996055,116.32686100000001
004,40.000279,116.327556,0,39.9996055,116.32686100000001,2009-01-05 12:39:00+08:00,1,5,0,12,39,103.55,40.0002975,116.32683750000001,0,39.9996055,116.32686100000001
004,40.0002975,116.32683750000001,0,39.9996055,116.32686100000001,2009-01-05 15:20:58+08:00,1,5,0,15,20,152.21666666666667,39.999081000000004,116.325714,0,39.9996055,116.32686100000001
004,39.999081000000004,116.325714,0,39.9996055,116.32686100000001,2009-01-06 14:56:34+08:00,1,6,1,14,56,238.38333333333333,40.0093425,116.320472,6,40.009533250000004,116.32199324999999
004,40.0093425,116.320472,6,40.009533250000004,116.32199324999999,2009-01-06 19:00:27+08:00,1,6,1,19,0,89.4,40.002568,116.326216,0,39.9996055,116.32686100000001
004,40.002568,116.326216,0,39.9996055,116.32686100000001,2009-01-06 20:48:05+08:00,1,6,1,20,48,77.95,39.999805,116.327177,0,39.9996055,116.32686100000001
004,39.999805,116.327177,0,39.9996055,116.32686100000001,2009-01-07 10:01:59+08:00,1,7,2,10,1,127.06666666666666,39.999908,116.3274,0,39.9996055,116.32686100000001
004,39.999908,116.3274,0,39.9996055,116.32686100000001,2009-01-07 13:39:37+08:00,1,7,2,13,39,259.3833333333333,40.010242500000004,116.322007,6,40.009533250000004,116.32199324999999
004,40.010242500000004,116.322007,6,40.009533250000004,116.32199324999999,2009-01-08 02:41:49+08:00,1,8,3,2,41,344.53333333333336,39.999895,116.327371,0,39.9996055,116.32686100000001
004,39.999895,116.327371,0,39.9996055,116.32686100000001,2009-01-08 08:32:26+08:00,1,8,3,8,32,178.23333333333332,39.999088,116.32686325,0,39.9996055,116.32686100000001
004,39.999088,116.32686325,0,39.9996055,116.32686100000001,2009-01-09 16:33:17+08:00,1,9,4,16,33,64.7,39.999855,116.326917,0,39.9996055,116.32686100000001
004,39.999855,116.326917,0,39.9996055,116.32686100000001,2009-01-09 22:51:09+08:00,1,9,4,22,51,281.03333333333336,39.991652,116.331407,0,39.9996055,116.32686100000001
004,39.991652,116.331407,0,39.9996055,116.32686100000001,2009-01-10 16:56:46+08:00,1,10,5,16,56,61.43333333333333,39.999919500000004,116.3272975,0,39.9996055,116.32686100000001
004,39.999919500000004,116.3272975,0,39.9996055,116.32686100000001,2009-01-11 16:15:11+08:00,1,11,6,16,15,147.25,39.999888999999996,116.327042,0,39.9996055,116.32686100000001
004,39.999888999999996,116.327042,0,39.9996055,116.32686100000001,2009-01-12 10:35:42+08:00,1,12,0,10,35,202.53333333333333,39.999908000000005,116.3272805,0,39.9996055,116.32686100000001
004,39.999908000000005,116.3272805,0,39.9996055,116.32686100000001,2009-01-12 14:37:34+08:00,1,12,0,14,37,244.91666666666666,40.0102885,116.32218424999999,6,40.009533250000004,116.32199324999999
004,40.0102885,116.32218424999999,6,40.009533250000004,116.32199324999999,2009-01-13 04:06:21+08:00,1,13,1,4,6,308.8666666666667,39.999504,116.3275055,0,39.9996055,116.32686100000001
004,39.999504,116.3275055,0,39.9996055,116.32686100000001,2009-01-13 10:49:35+08:00,1,13,1,10,49,69.58333333333333,40.00005925000001,116.3272005,0,39.9996055,116.32686100000001
004,40.00005925000001,116.3272005,0,39.9996055,116.32686100000001,2009-01-13 15:40:06+08:00,1,13,1,15,40,131.31666666666666,40.000523,116.32697350000001,0,39.9996055,116.32686100000001
004,40.000523,116.32697350000001,0,39.9996055,116.32686100000001,2009-01-14 00:52:02+08:00,1,14,2,0,52,168.1,39.999809,116.327,0,39.9996055,116.32686100000001
004,39.999809,116.327,0,39.9996055,116.32686100000001,2009-01-14 16:26:47+08:00,1,14,2,16,26,70.2,39.999905999999996,116.3252865,0,39.9996055,116.32686100000001
004,39.999905999999996,116.3252865,0,39.9996055,116.32686100000001,2009-01-15 14:06:04+08:00,1,15,3,14,6,251.16666666666666,39.99983575,116.32650375,0,39.9996055,116.32686100000001
004,39.99983575,116.32650375,0,39.9996055,116.32686100000001,2009-01-15 19:00:41+08:00,1,15,3,19,0,225.86666666666667,39.999855499999995,116.327017,0,39.9996055,116.32686100000001
004,39.999855499999995,116.327017,0,39.9996055,116.32686100000001,2009-01-16 06:14:00+08:00,1,16,4,6,14,137.4,39.999856,116.327192,0,39.9996055,116.32686100000001
004,39.999856,116.327192,0,39.9996055,116.32686100000001,2009-01-16 08:50:04+08:00,1,16,4,8,50,85.61666666666666,39.999905999999996,116.3270755,0,39.9996055,116.32686100000001
004,39.999905999999996,116.3270755,0,39.9996055,116.32686100000001,2009-01-16 10:33:44+08:00,1,16,4,10,33,78.33333333333333,40.006221999999994,116.3256425,0,39.9996055,116.32686100000001
004,40.006221999999994,116.3256425,0,39.9996055,116.32686100000001,2009-01-16 11:55:04+08:00,1,16,4,11,55,90.23333333333333,40.009468999999996,116.322104,6,40.009533250000004,116.32199324999999
004,40.009468999999996,116.322104,6,40.009533250000004,116.32199324999999,2009-01-16 13:26:23+08:00,1,16,4,13,26,150.65,39.999778,116.327377,0,39.9996055,116.32686100000001
004,39.999778,116.327377,0,39.9996055,116.32686100000001,2009-01-16 16:09:10+08:00,1,16,4,16,9,89.5,40.0112635,116.32360349999999,6,40.009533250000004,116.32199324999999
004,40.0112635,116.32360349999999,6,40.009533250000004,116.32199324999999,2009-01-19 21:30:48+08:00,1,19,0,21,30,100.16666666666667,40.00057150000001,116.3268545,0,39.9996055,116.32686100000001
004,40.00023,116.327391,0,39.9996055,116.32686100000001,2009-02-13 12:06:28+08:00,2,13,4,12,6,75.75,39.9912395,116.328268,0,39.9996055,116.32686100000001
004,39.9912395,116.328268,0,39.9996055,116.32686100000001,2009-02-14 12:54:43+08:00,2,14,5,12,54,148.48333333333332,39.999731,116.32673349999999,0,39.9996055,116.32686100000001
004,39.999731,116.32673349999999,0,39.9996055,116.32686100000001,2009-02-14 15:32:42+08:00,2,14,5,15,32,79.25,39.991716,116.333152,0,39.9996055,116.32686100000001
004,39.991716,116.333152,0,39.9996055,116.32686100000001,2009-02-14 18:28:36+08:00,2,14,5,18,28,102.8,39.989976,116.329905,0,39.9996055,116.32686100000001
004,39.989976,116.329905,0,39.9996055,116.32686100000001,2009-02-14 20:11:24+08:00,2,14,5,20,11,96.5,39.998076499999996,116.32688200000001,0,39.9996055,116.32686100000001
004,39.998076499999996,116.32688200000001,0,39.9996055,116.32686100000001,2009-02-14 21:56:54+08:00,2,14,5,21,56,179.56666666666666,39.989546000000004,116.329684,0,39.9996055,116.32686100000001
004,39.989546000000004,116.329684,0,39.9996055,116.32686100000001,2009-02-15 16:27:55+08:00,2,15,6,16,27,103.81666666666666,39.992318,116.32762325,0,39.9996055,116.32686100000001
004,39.992318,116.32762325,0,39.9996055,116.32686100000001,2009-02-16 18:40:03+08:00,2,16,0,18,40,129.88333333333333,39.9996615,116.3272625,0,39.9996055,116.32686100000001
004,39.9996615,116.3272625,0,39.9996055,116.32686100000001,2009-02-17 21:27:21+08:00,2,17,1,21,27,90.41666666666667,40.000289,116.325485,0,39.9996055,116.32686100000001
004,39.999806,116.327282,0,39.9996055,116.32686100000001,2009-02-19 13:40:37+08:00,2,19,3,13,40,223.73333333333332,40.009716499999996,116.322739,6,40.009533250000004,116.32199324999999
004,40.009716499999996,116.322739,6,40.009533250000004,116.32199324999999,2009-02-19 17:43:36+08:00,2,19,3,17,43,71.7,40.000466,116.32851,0,39.9996055,116.32686100000001
004,40.000466,116.32851,0,39.9996055,116.32686100000001,2009-02-20 10:31:40+08:00,2,20,4,10,31,88.13333333333334,40.00003925,116.32676025,0,39.9996055,116.32686100000001
004,40.00003925,116.32676025,0,39.9996055,116.32686100000001,2009-02-20 13:05:07+08:00,2,20,4,13,5,249.9,40.009089,116.32258350000001,6,40.009533250000004,116.32199324999999
004,40.009089,116.32258350000001,6,40.009533250000004,116.32199324999999,2009-02-21 08:00:20+08:00,2,21,5,8,0,97.03333333333333,39.999982,116.32557775000001,0,39.9996055,116.32686100000001
004,39.999982,116.32557775000001,0,39.9996055,116.32686100000001,2009-02-21 09:40:12+08:00,2,21,5,9,40,89.76666666666667,39.763149,116.296274,16,39.7627155,116.298148
004,39.763149,116.296274,16,39.7627155,116.298148,2009-02-21 12:41:00+08:00,2,21,5,12,41,264.76666666666665,39.994069499999995,116.32741375,0,39.9996055,116.32686100000001
004,39.994069499999995,116.32741375,0,39.9996055,116.32686100000001,2009-02-21 18:18:46+08:00,2,21,5,18,18,95.2,39.9994175,116.32703275,0,39.9996055,116.32686100000001
004,39.9994175,116.32703275,0,39.9996055,116.32686100000001,2009-02-21 20:27:13+08:00,2,21,5,20,27,354.25,39.9998675,116.325678,0,39.9996055,116.32686100000001
004,39.9998675,116.325678,0,39.9996055,116.32686100000001,2009-02-22 13:28:59+08:00,2,22,6,13,28,240.98333333333332,40.001523,116.32158,0,39.9996055,116.32686100000001
004,40.001523,116.32158,0,39.9996055,116.32686100000001,2009-02-23 14:13:10+08:00,2,23,0,14,13,183.91666666666666,39.991426000000004,116.329222,0,39.9996055,116.32686100000001
004,39.991426000000004,116.329222,0,39.9996055,116.32686100000001,2009-02-25 19:57:16+08:00,2,25,2,19,57,71.56666666666666,39.999925,116.32578749999999,0,39.9996055,116.32686100000001
004,39.999925,116.32578749999999,0,39.9996055,116.32686100000001,2009-02-26 09:12:26+08:00,2,26,3,9,12,124.78333333333333,39.762705,116.297177,16,39.7627155,116.298148
004,39.762705,116.297177,16,39.7627155,116.298148,2009-02-26 12:44:05+08:00,2,26,3,12,44,165.61666666666667,39.999938,116.327343,0,39.9996055,116.32686100000001
004,39.999938,116.327343,0,39.9996055,116.32686100000001,2009-02-26 18:09:52+08:00,2,26,3,18,9,83.45,39.991575,116.32796,0,39.9996055,116.32686100000001
004,39.991575,116.32796,0,39.9996055,116.32686100000001,2009-02-26 19:38:39+08:00,2,26,3,19,38,106.48333333333333,39.999292,116.326954,0,39.9996055,116.32686100000001
004,39.999292,116.326954,0,39.9996055,116.32686100000001,2009-02-26 21:46:23+08:00,2,26,3,21,46,324.9166666666667,39.999951,116.326668,0,39.9996055,116.32686100000001
004,39.999951,116.326668,0,39.9996055,116.32686100000001,2009-02-27 09:53:23+08:00,2,27,4,9,53,110.13333333333334,40.00589825,116.32546925,0,39.9996055,116.32686100000001
004,40.00589825,116.32546925,0,39.9996055,116.32686100000001,2009-02-27 11:56:35+08:00,2,27,4,11,56,86.13333333333334,39.999812,116.327021,0,39.9996055,116.32686100000001
004,39.999812,116.327021,0,39.9996055,116.32686100000001,2009-02-27 13:25:23+08:00,2,27,4,13,25,87.88333333333334,39.999784000000005,116.32728499999999,0,39.9996055,116.32686100000001
004,39.999784000000005,116.32728499999999,0,39.9996055,116.32686100000001,2009-02-27 18:08:17+08:00,2,27,4,18,8,117.03333333333333,39.99326275,116.32701850000001,0,39.9996055,116.32686100000001
004,39.99326275,116.32701850000001,0,39.9996055,116.32686100000001,2009-02-27 20:38:29+08:00,2,27,4,20,38,142.28333333333333,40.0093625,116.31589650000001,17,40.009508749999995,116.315967
004,40.0093625,116.31589650000001,17,40.009508749999995,116.315967,2009-02-27 23:30:43+08:00,2,27,4,23,30,72.95,39.999859,116.32732,0,39.9996055,116.32686100000001
004,39.999859,116.32732,0,39.9996055,116.32686100000001,2009-02-28 14:51:26+08:00,2,28,5,14,51,69.6,40.0093905,116.320531,6,40.009533250000004,116.32199324999999
004,40.0093905,116.320531,6,40.009533250000004,116.32199324999999,2009-02-28 18:19:34+08:00,2,28,5,18,19,66.06666666666666,39.9999415,116.326686,0,39.9996055,116.32686100000001
004,39.9999415,116.326686,0,39.9996055,116.32686100000001,2009-03-01 16:04:01+08:00,3,1,6,16,4,119.5,39.999814,116.32709249999999,0,39.9996055,116.32686100000001
004,39.999814,116.32709249999999,0,39.9996055,116.32686100000001,2009-03-01 18:51:49+08:00,3,1,6,18,51,146.45,39.9998325,116.3266255,0,39.9996055,116.32686100000001
004,39.9998325,116.3266255,0,39.9996055,116.32686100000001,2009-03-02 14:41:17+08:00,3,2,0,14,41,176.91666666666666,39.999776499999996,116.326229,0,39.9996055,116.32686100000001
004,39.999776499999996,116.326229,0,39.9996055,116.32686100000001,2009-03-02 18:19:05+08:00,3,2,0,18,19,124.93333333333334,39.9999135,116.32720900000001,0,39.9996055,116.32686100000001
004,39.9999135,116.32720900000001,0,39.9996055,116.32686100000001,2009-03-03 20:15:05+08:00,3,3,1,20,15,134.7,39.76332,116.299458,16,39.7627155,116.298148
004,39.76332,116.299458,16,39.7627155,116.298148,2009-03-04 06:48:31+08:00,3,4,2,6,48,137.91666666666666,39.999921,116.3273595,0,39.9996055,116.32686100000001
004,39.999921,116.3273595,0,39.9996055,116.32686100000001,2009-03-04 10:00:41+08:00,3,4,2,10,0,104.75,40.000033,116.327562,0,39.9996055,116.32686100000001
004,39.9998205,116.326921,0,39.9996055,116.32686100000001,2009-03-05 16:20:45+08:00,3,5,3,16,20,96.6,39.999663500000004,116.32680325,0,39.9996055,116.32686100000001
004,39.999663500000004,116.32680325,0,39.9996055,116.32686100000001,2009-03-06 12:48:00+08:00,3,6,4,12,48,110.41666666666667,39.999868,116.327188,0,39.9996055,116.32686100000001
004,39.999868,116.327188,0,39.9996055,116.32686100000001,2009-03-06 15:21:48+08:00,3,6,4,15,21,178.18333333333334,40.009409,116.320448,6,40.009533250000004,116.32199324999999
004,40.009409,116.320448,6,40.009533250000004,116.32199324999999,2009-03-06 18:25:49+08:00,3,6,4,18,25,70.15,39.9935335,116.3274245,0,39.9996055,116.32686100000001
004,39.9935335,116.3274245,0,39.9996055,116.32686100000001,2009-03-07 18:47:30+08:00,3,7,5,18,47,90.13333333333334,40.0006785,116.326967,0,39.9996055,116.32686100000001
004,40.0006785,116.326967,0,39.9996055,116.32686100000001,2009-03-08 06:12:01+08:00,3,8,6,6,12,266.65,39.966036,116.30207,19,39.966192,116.301349
004,39.966036,116.30207,19,39.966192,116.301349,2009-03-08 13:57:28+08:00,3,8,6,13,57,100.98333333333333,39.991472,116.331323,0,39.9996055,116.32686100000001
004,39.991472,116.331323,0,39.9996055,116.32686100000001,2009-03-08 16:34:47+08:00,3,8,6,16,34,133.28333333333333,39.99910800000001,116.32703000000001,0,39.9996055,116.32686100000001
004,39.99910800000001,116.32703000000001,0,39.9996055,116.32686100000001,2009-03-08 20:01:59+08:00,3,8,6,20,1,81.58333333333333,39.999811,116.327233,0,39.9996055,116.32686100000001
004,39.999811,116.327233,0,39.9996055,116.32686100000001,2009-03-12 03:11:28+08:00,3,12,3,3,11,158.31666666666666,39.762906,116.29830325,16,39.7627155,116.298148
004,39.762906,116.29830325,16,39.7627155,116.298148,2009-03-12 06:48:55+08:00,3,12,3,6,48,137.01666666666668,39.998579750000005,116.32675975,0,39.9996055,116.32686100000001
004,39.998579750000005,116.32675975,0,39.9996055,116.32686100000001,2009-03-12 09:57:41+08:00,3,12,3,9,57,137.05,39.9998365,116.327288,0,39.9996055,116.32686100000001
004,39.9998365,116.327288,0,39.9996055,116.32686100000001,2009-03-12 13:48:59+08:00,3,12,3,13,48,217.48333333333332,39.993021999999996,116.3269065,0,39.9996055,116.32686100000001
004,39.993021999999996,116.3269065,0,39.9996055,116.32686100000001,2009-03-12 19:00:16+08:00,3,12,3,19,0,88.65,39.9993255,116.3270225,0,39.9996055,116.32686100000001
004,39.9993255,116.3270225,0,39.9996055,116.32686100000001,2009-03-12 20:31:20+08:00,3,12,3,20,31,132.38333333333333,39.99034,116.328045,0,39.9996055,116.32686100000001
004,39.99034,116.328045,0,39.9996055,116.32686100000001,2009-03-13 12:40:43+08:00,3,13,4,12,40,84.68333333333334,39.966009,116.3017295,19,39.966192,116.301349
004,39.966009,116.3017295,19,39.966192,116.301349,2009-03-13 14:19:09+08:00,3,13,4,14,19,228.31666666666666,39.999842,116.327052,0,39.9996055,116.32686100000001
004,39.999842,116.327052,0,39.9996055,116.32686100000001,2009-03-13 19:35:28+08:00,3,13,4,19,35,342.53333333333336,39.999855,116.326953,0,39.9996055,116.32686100000001
004,39.9996055,116.32686100000001,0,39.9996055,116.32686100000001,2009-03-15 21:10:17+08:00,3,15,6,21,10,71.5,39.999686999999994,116.32601475,0,39.9996055,116.32686100000001
004,39.999686999999994,116.32601475,0,39.9996055,116.32686100000001,2009-03-16 13:21:06+08:00,3,16,0,13,21,270.48333333333335,39.9987545,116.3267295,0,39.9996055,116.32686100000001
004,39.9987545,116.3267295,0,39.9996055,116.32686100000001,2009-03-16 18:37:16+08:00,3,16,0,18,37,111.58333333333333,39.99990425,116.32812425,0,39.9996055,116.32686100000001
004,39.99990425,116.32812425,0,39.9996055,116.32686100000001,2009-03-16 20:43:45+08:00,3,16,0,20,43,181.6,40.00004625,116.327214,0,39.9996055,116.32686100000001
004,40.00004625,116.327214,0,39.9996055,116.32686100000001,2009-03-17 11:52:41+08:00,3,17,1,11,52,358.93333333333334,40.00005325,116.327103,0,39.9996055,116.32686100000001
004,40.00005325,116.327103,0,39.9996055,116.32686100000001,2009-03-17 18:31:54+08:00,3,17,1,18,31,125.43333333333334,40.0030555,116.325371,0,39.9996055,116.32686100000001
004,40.0030555,116.325371,0,39.9996055,116.32686100000001,2009-03-17 20:37:20+08:00,3,17,1,20,37,114.35,40.00687225,116.32103225,6,40.009533250000004,116.32199324999999
004,40.0005045,116.32714949999999,0,39.9996055,116.32686100000001,2009-03-19 09:12:58+08:00,3,19,3,9,12,181.61666666666667,39.999801500000004,116.3271115,0,39.9996055,116.32686100000001
004,39.999801500000004,116.3271115,0,39.9996055,116.32686100000001,2009-03-19 13:14:28+08:00,3,19,3,13,14,113.5,39.999388499999995,116.32698250000001,0,39.9996055,116.32686100000001
004,39.999388499999995,116.32698250000001,0,39.9996055,116.32686100000001,2009-03-19 15:59:53+08:00,3,19,3,15,59,106.31666666666666,39.999827249999996,116.32598675,0,39.9996055,116.32686100000001
004,39.999827249999996,116.32598675,0,39.9996055,116.32686100000001,2009-03-19 18:31:21+08:00,3,19,3,18,31,361.68333333333334,39.997792,116.326825,0,39.9996055,116.32686100000001
004,39.997792,116.326825,0,39.9996055,116.32686100000001,2009-03-20 09:14:31+08:00,3,20,4,9,14,120.55,39.7633,116.29648900000001,16,39.7627155,116.298148
004,39.7633,116.29648900000001,16,39.7627155,116.298148,2009-03-20 12:39:23+08:00,3,20,4,12,39,266.51666666666665,39.965591,116.303652,19,39.966192,116.301349
004,39.965591,116.303652,19,39.966192,116.301349,2009-03-20 18:41:20+08:00,3,20,4,18,41,85.68333333333334,39.999421999999996,116.326944,0,39.9996055,116.32686100000001
004,39.999421999999996,116.326944,0,39.9996055,116.32686100000001,2009-03-20 20:46:46+08:00,3,20,4,20,46,80.75,39.9998795,116.325409,0,39.9996055,116.32686100000001
004,39.9998795,116.325409,0,39.9996055,116.32686100000001,2009-03-21 06:54:13+08:00,3,21,5,6,54,277.5833333333333,40.00039,116.324482,0,39.9996055,116.32686100000001
004,39.999937,116.32715,0,39.9996055,116.32686100000001,2009-03-23 14:31:37+08:00,3,23,0,14,31,189.85,40.00007425,116.3266945,0,39.9996055,116.32686100000001
004,40.00007425,116.3266945,0,39.9996055,116.32686100000001,2009-03-23 18:42:40+08:00,3,23,0,18,42,289.55,39.999872,116.3270515,0,39.9996055,116.32686100000001
004,39.999872,116.3270515,0,39.9996055,116.32686100000001,2009-03-24 06:55:11+08:00,3,24,1,6,55,292.85,40.007848,116.319877,6,40.009533250000004,116.32199324999999
004,40.007848,116.319877,6,40.009533250000004,116.32199324999999,2009-03-24 12:19:39+08:00,3,24,1,12,19,73.21666666666667,40.009434,116.32371175,6,40.009533250000004,116.32199324999999
004,40.009434,116.32371175,6,40.009533250000004,116.32199324999999,2009-03-24 13:32:52+08:00,3,24,1,13,32,95.26666666666667,40.000505,116.326902,0,39.9996055,116.32686100000001
004,40.000505,116.326902,0,39.9996055,116.32686100000001,2009-03-24 15:31:34+08:00,3,24,1,15,31,124.83333333333333,39.999831,116.32736349999999,0,39.9996055,116.32686100000001
004,39.999831,116.32736349999999,0,39.9996055,116.32686100000001,2009-03-24 18:46:55+08:00,3,24,1,18,46,268.65,40.00577525,116.320543,6,40.009533250000004,116.32199324999999
004,40.00577525,116.320543,6,40.009533250000004,116.32199324999999,2009-03-25 12:52:05+08:00,3,25,2,12,52,92.66666666666667,39.7632095,116.29745750000001,16,39.7627155,116.298148
004,39.7632095,116.29745750000001,16,39.7627155,116.298148,2009-04-02 06:48:19+08:00,4,2,3,6,48,138.01666666666668,40.000532,116.32695774999999,0,39.9996055,116.32686100000001
004,40.000532,116.32695774999999,0,39.9996055,116.32686100000001,2009-04-02 10:10:00+08:00,4,2,3,10,10,104.81666666666666,40.00935775,116.31630525,17,40.009508749999995,116.315967
004,40.00935775,116.31630525,17,40.009508749999995,116.315967,2009-04-02 12:38:45+08:00,4,2,3,12,38,68.95,40.0017595,116.326352,0,39.9996055,116.32686100000001
004,40.0017595,116.326352,0,39.9996055,116.32686100000001,2009-04-02 13:54:42+08:00,4,2,3,13,54,231.71666666666667,39.999865,116.326948,0,39.9996055,116.32686100000001
004,39.999865,116.326948,0,39.9996055,116.32686100000001,2009-04-02 18:21:38+08:00,4,2,3,18,21,342.8666666666667,39.762752,116.297312,16,39.7627155,116.298148
004,39.762752,116.297312,16,39.7627155,116.298148,2009-04-03 12:42:56+08:00,4,3,4,12,42,263.85,39.9659395,116.30169075,19,39.966192,116.301349
004,39.9659395,116.30169075,19,39.966192,116.301349,2009-04-05 11:36:12+08:00,4,5,6,11,36,91.21666666666667,40.0004955,116.32582525000001,0,39.9996055,116.32686100000001
004,40.0004955,116.32582525000001,0,39.9996055,116.32686100000001,2009-04-06 14:10:49+08:00,4,6,0,14,10,112.83333333333333,39.99956125,116.3260525,0,39.9996055,116.32686100000001
004,39.99956125,116.3260525,0,39.9996055,116.32686100000001,2009-04-06 16:30:35+08:00,4,6,0,16,30,102.93333333333334,40.007643,116.31987,6,40.009533250000004,116.32199324999999
004,40.007643,116.31987,6,40.009533250000004,116.32199324999999,2009-04-07 05:38:27+08:00,4,7,1,5,38,280.9166666666667,40.00744025,116.32022775,6,40.009533250000004,116.32199324999999
004,40.00744025,116.32022775,6,40.009533250000004,116.32199324999999,2009-04-07 16:50:16+08:00,4,7,1,16,50,73.08333333333333,39.999881,116.32744,0,39.9996055,116.32686100000001
004,39.999881,116.32744,0,39.9996055,116.32686100000001,2009-04-08 11:11:00+08:00,4,8,2,11,11,67.78333333333333,39.999883999999994,116.32701675,0,39.9996055,116.32686100000001
004,39.999883999999994,116.32701675,0,39.9996055,116.32686100000001,2009-04-08 14:17:14+08:00,4,8,2,14,17,211.21666666666667,40.001292,116.327262,0,39.9996055,116.32686100000001
004,40.001292,116.327262,0,39.9996055,116.32686100000001,2009-04-09 12:54:59+08:00,4,9,3,12,54,158.78333333333333,39.762755,116.297273,16,39.7627155,116.298148
004,39.762755,116.297273,16,39.7627155,116.298148,2009-04-09 16:55:51+08:00,4,9,3,16,55,250.6,39.999844,116.327075,0,39.9996055,116.32686100000001
004,39.999844,116.327075,0,39.9996055,116.32686100000001,2009-04-09 22:11:27+08:00,4,9,3,22,11,259.6,40.009992,116.315268,17,40.009508749999995,116.315967
004,40.009992,116.315268,17,40.009508749999995,116.315967,2009-04-10 02:40:43+08:00,4,10,4,2,40,344.96666666666664,40.0002505,116.32679949999999,0,39.9996055,116.32686100000001
004,40.0002505,116.32679949999999,0,39.9996055,116.32686100000001,2009-04-10 08:31:01+08:00,4,10,4,8,31,185.31666666666666,40.005701,116.32524,0,39.9996055,116.32686100000001
004,40.005701,116.32524,0,39.9996055,116.32686100000001,2009-04-10 11:55:07+08:00,4,10,4,11,55,80.48333333333333,39.999918,116.327339,0,39.9996055,116.32686100000001
004,39.999918,116.327339,0,39.9996055,116.32686100000001,2009-04-10 13:19:01+08:00,4,10,4,13,19,136.46666666666667,39.762801,116.29731,16,39.7627155,116.298148
004,39.762801,116.29731,16,39.7627155,116.298148,2009-04-10 16:55:09+08:00,4,10,4,16,55,251.01666666666668,39.9989825,116.326853,0,39.9996055,116.32686100000001
004,39.9989825,116.326853,0,39.9996055,116.32686100000001,2009-04-10 22:36:06+08:00,4,10,4,22,36,150.05,39.76293725,116.298343,16,39.7627155,116.298148
004,39.76293725,116.298343,16,39.7627155,116.298148,2009-04-11 16:41:55+08:00,4,11,5,16,41,264.3333333333333,39.999859,116.327181,0,39.9996055,116.32686100000001
004,39.999859,116.327181,0,39.9996055,116.32686100000001,2009-04-11 22:12:50+08:00,4,11,5,22,12,184.03333333333333,39.999886000000004,116.3264225,0,39.9996055,116.32686100000001
004,39.999886000000004,116.3264225,0,39.9996055,116.32686100000001,2009-04-12 08:57:28+08:00,4,12,6,8,57,294.81666666666666,39.76335,116.29916,16,39.7627155,116.298148
004,39.76335,116.29916,16,39.7627155,116.298148,2009-04-12 16:46:37+08:00,4,12,6,16,46,260.2,39.9998535,116.326447,0,39.9996055,116.32686100000001
004,39.9998535,116.326447,0,39.9996055,116.32686100000001,2009-04-13 13:54:48+08:00,4,13,0,13,54,100.13333333333334,39.763328,116.299527,16,39.7627155,116.298148
004,39.763328,116.299527,16,39.7627155,116.298148,2009-04-13 16:41:53+08:00,4,13,0,16,41,264.73333333333335,39.7630295,116.29841250000001,16,39.7627155,116.298148
004,39.7630295,116.29841250000001,16,39.7627155,116.298148,2009-04-14 06:51:26+08:00,4,14,1,6,51,316.81666666666666,39.999858,116.327092,0,39.9996055,116.32686100000001
004,39.999858,116.327092,0,39.9996055,116.32686100000001,2009-04-14 14:05:34+08:00,4,14,1,14,5,78.3,39.9998505,116.32673750000001,0,39.9996055,116.32686100000001
004,39.9998505,116.32673750000001,0,39.9996055,116.32686100000001,2009-04-14 15:39:16+08:00,4,14,1,15,39,135.98333333333332,39.996294500000005,116.32552325,0,39.9996055,116.32686100000001
004,39.996294500000005,116.32552325,0,39.9996055,116.32686100000001,2009-04-16 08:23:28+08:00,4,16,3,8,23,232.48333333333332,39.99574425,116.3255945,0,39.9996055,116.32686100000001
004,39.99574425,116.3255945,0,39.9996055,116.32686100000001,2009-04-16 13:18:12+08:00,4,16,3,13,18,137.46666666666667,40.000058499999994,116.32726550000001,0,39.9996055,116.32686100000001
004,40.000058499999994,116.32726550000001,0,39.9996055,116.32686100000001,2009-04-16 15:35:40+08:00,4,16,3,15,35,145.21666666666667,39.99976575,116.326841,0,39.9996055,116.32686100000001
004,39.99976575,116.326841,0,39.9996055,116.32686100000001,2009-04-16 18:39:36+08:00,4,16,3,18,39,250.8,39.7627155,116.298148,16,39.7627155,116.298148
004,39.7627155,116.298148,16,39.7627155,116.298148,2009-04-17 06:56:02+08:00,4,17,4,6,56,130.16666666666666,40.00069825,116.326966,0,39.9996055,116.32686100000001
004,40.00069825,116.326966,0,39.9996055,116.32686100000001,2009-04-17 10:21:07+08:00,4,17,4,10,21,74.58333333333333,40.001472,116.326808,0,39.9996055,116.32686100000001
004,40.001472,116.326808,0,39.9996055,116.32686100000001,2009-04-17 12:20:34+08:00,4,17,4,12,20,308.18333333333334,40.00598625,116.32044450000001,6,40.009533250000004,116.32199324999999
004,40.00598625,116.32044450000001,6,40.009533250000004,116.32199324999999,2009-04-18 18:02:06+08:00,4,18,5,18,2,77.16666666666667,40.0007715,116.326867,0,39.9996055,116.32686100000001
004,40.0007715,116.326867,0,39.9996055,116.32686100000001,2009-04-18 19:21:26+08:00,4,18,5,19,21,362.31666666666666,40.0097895,116.31494,17,40.009508749999995,116.315967
004,40.0097895,116.31494,17,40.009508749999995,116.315967,2009-04-20 04:36:14+08:00,4,20,0,4,36,314.3833333333333,40.001575,116.326665,0,39.9996055,116.32686100000001
004,40.001575,116.326665,0,39.9996055,116.32686100000001,2009-04-20 09:56:07+08:00,4,20,0,9,56,129.1,40.000026,116.327293,0,39.9996055,116.32686100000001
004,40.000026,116.327293,0,39.9996055,116.32686100000001,2009-04-20 12:36:08+08:00,4,20,0,12,36,177.88333333333333,40.000322499999996,116.3267625,0,39.9996055,116.32686100000001
004,40.000322499999996,116.3267625,0,39.9996055,116.32686100000001,2009-04-20 18:20:37+08:00,4,20,0,18,20,482.18333333333334,40.009983000000005,116.322869,6,40.009533250000004,116.32199324999999
004,40.009983000000005,116.322869,6,40.009533250000004,116.32199324999999,2009-04-21 13:23:29+08:00,4,21,1,13,23,93.93333333333334,40.000153,116.3253675,0,39.9996055,116.32686100000001
004,40.000153,116.3253675,0,39.9996055,116.32686100000001,2009-04-21 15:51:17+08:00,4,21,1,15,51,117.38333333333334,39.999455999999995,116.3269525,0,39.9996055,116.32686100000001
004,39.999455999999995,116.3269525,0,39.9996055,116.32686100000001,2009-04-21 19:04:32+08:00,4,21,1,19,4,281.45,39.9999485,116.326363,0,39.9996055,116.32686100000001
004,39.9999485,116.326363,0,39.9996055,116.32686100000001,2009-04-22 12:59:19+08:00,4,22,2,12,59,134.16666666666666,40.0010795,116.323476,0,39.9996055,116.32686100000001
004,40.0010795,116.323476,0,39.9996055,116.32686100000001,2009-04-22 15:13:29+08:00,4,22,2,15,13,105.56666666666666,39.999787,116.327286,0,39.9996055,116.32686100000001
004,39.999787,116.327286,0,39.9996055,116.32686100000001,2009-04-23 09:34:21+08:00,4,23,3,9,34,132.01666666666668,40.000613,116.3268965,0,39.9996055,116.32686100000001
004,40.000613,116.3268965,0,39.9996055,116.32686100000001,2009-04-23 12:23:07+08:00,4,23,3,12,23,265.01666666666665,39.965837,116.3015455,19,39.966192,116.301349
004,39.965837,116.3015455,19,39.966192,116.301349,2009-04-23 17:38:41+08:00,4,23,3,17,38,75.13333333333334,40.0008955,116.324862,0,39.9996055,116.32686100000001
004,40.0008955,116.324862,0,39.9996055,116.32686100000001,2009-04-24 09:02:20+08:00,4,24,4,9,2,170.51666666666668,40.006153,116.325602,0,39.9996055,116.32686100000001
004,40.006153,116.325602,0,39.9996055,116.32686100000001,2009-04-24 12:05:05+08:00,4,24,4,12,5,72.35,40.009126,116.31687,17,40.009508749999995,116.315967
004,40.009126,116.31687,17,40.009508749999995,116.315967,2009-04-24 13:21:06+08:00,4,24,4,13,21,66.81666666666666,39.999827499999995,116.3259245,0,39.9996055,116.32686100000001
004,39.999827499999995,116.3259245,0,39.9996055,116.32686100000001,2009-04-24 15:38:39+08:00,4,24,4,15,38,111.15,40.001191250000005,116.326751,0,39.9996055,116.32686100000001
004,40.001191250000005,116.326751,0,39.9996055,116.32686100000001,2009-04-24 18:11:57+08:00,4,24,4,18,11,79.28333333333333,40.000333999999995,116.3270195,0,39.9996055,116.32686100000001
004,40.000333999999995,116.3270195,0,39.9996055,116.32686100000001,2009-04-24 19:42:04+08:00,4,24,4,19,42,474.98333333333335,40.0008175,116.3268345,0,39.9996055,116.32686100000001
004,40.0008175,116.3268345,0,39.9996055,116.32686100000001,2009-04-25 10:59:15+08:00,4,25,5,10,59,185.71666666666667,40.000535,116.326975,0,39.9996055,116.32686100000001
004,39.999933999999996,116.3272925,0,39.9996055,116.32686100000001,2009-04-25 21:53:13+08:00,4,25,5,21,53,285.31666666666666,39.762545,116.297546,16,39.7627155,116.298148
004,39.762545,116.297546,16,39.7627155,116.298148,2009-04-26 12:50:56+08:00,4,26,6,12,50,375.15,39.762623,116.29778,16,39.7627155,116.298148
004,39.762623,116.29778,16,39.7627155,116.298148,2009-04-27 10:09:19+08:00,4,27,0,10,9,176.95,40.000663,116.326918,0,39.9996055,116.32686100000001
004,40.000663,116.326918,0,39.9996055,116.32686100000001,2009-04-27 14:00:26+08:00,4,27,0,14,0,226.96666666666667,40.001663,116.32671450000001,0,39.9996055,116.32686100000001
004,40.001663,116.32671450000001,0,39.9996055,116.32686100000001,2009-04-27 18:20:36+08:00,4,27,0,18,20,134.4,40.009768,116.31495,17,40.009508749999995,116.315967
004,40.009768,116.31495,17,40.009508749999995,116.315967,2009-04-28 02:51:26+08:00,4,28,1,2,51,359.46666666666664,40.0005455,116.3270165,0,39.9996055,116.32686100000001
004,40.0005455,116.3270165,0,39.9996055,116.32686100000001,2009-04-28 09:03:34+08:00,4,28,1,9,3,209.11666666666667,39.999885,116.32681550000001,0,39.9996055,116.32686100000001
004,39.999885,116.32681550000001,0,39.9996055,116.32686100000001,2009-04-28 13:26:51+08:00,4,28,1,13,26,263.3833333333333,39.999797,116.32697,0,39.9996055,116.32686100000001
004,39.999797,116.32697,0,39.9996055,116.32686100000001,2009-04-28 18:27:50+08:00,4,28,1,18,27,260.95,39.9994085,116.32691,0,39.9996055,116.32686100000001
004,39.9994085,116.32691,0,39.9996055,116.32686100000001,2009-04-28 22:59:22+08:00,4,28,1,22,59,236.18333333333334,40.009508749999995,116.315967,17,40.009508749999995,116.315967
004,40.009508749999995,116.315967,17,40.009508749999995,116.315967,2009-04-29 03:02:03+08:00,4,29,2,3,2,356.15,39.999959,116.32739,0,39.9996055,116.32686100000001
004,39.999959,116.32739,0,39.9996055,116.32686100000001,2009-04-29 09:13:37+08:00,4,29,2,9,13,130.91666666666666,40.009946,116.314947,17,40.009508749999995,116.315967
004,40.009946,116.314947,17,40.009508749999995,116.315967,2009-04-29 12:05:57+08:00,4,29,2,12,5,74.28333333333333,39.992549,116.326011,0,39.9996055,116.32686100000001
004,39.992549,116.326011,0,39.9996055,116.32686100000001,2009-04-29 13:41:54+08:00,4,29,2,13,41,198.06666666666666,39.967897,116.30112249999999,19,39.966192,116.301349
004,39.967897,116.30112249999999,19,39.966192,116.301349,2009-04-29 17:33:58+08:00,4,29,2,17,33,102.25,39.966192,116.301349,19,39.966192,116.301349
004,39.966192,116.301349,19,39.966192,116.301349,2009-04-30 11:48:24+08:00,4,30,3,11,48,334.95,39.967784,116.30245,19,39.966192,116.301349
004,39.967784,116.30245,19,39.966192,116.301349,2009-04-30 18:23:56+08:00,4,30,3,18,23,137.15,39.965965,116.301591,19,39.966192,116.301349
004,39.965965,116.301591,19,39.966192,116.301349,2009-05-01 11:52:11+08:00,5,1,4,11,52,450.1666666666667,39.99986,116.3268075,0,39.9996055,116.32686100000001
004,40.000168,116.3272115,0,39.9996055,116.32686100000001,2009-05-04 09:52:34+08:00,5,4,0,9,52,100.43333333333334,40.010879,116.321627,6,40.009533250000004,116.32199324999999
004,40.010879,116.321627,6,40.009533250000004,116.32199324999999,2009-05-04 12:52:35+08:00,5,4,0,12,52,97.68333333333334,40.000536,116.32672249999999,0,39.9996055,116.32686100000001
004,40.000536,116.32672249999999,0,39.9996055,116.32686100000001,2009-05-04 14:35:21+08:00,5,4,0,14,35,175.95,40.0001555,116.3271575,0,39.9996055,116.32686100000001
004,40.0001555,116.3271575,0,39.9996055,116.32686100000001,2009-05-05 12:53:14+08:00,5,5,1,12,53,282.1666666666667,39.99987425,116.32693975000001,0,39.9996055,116.32686100000001
004,39.99987425,116.32693975000001,0,39.9996055,116.32686100000001,2009-05-05 18:43:55+08:00,5,5,1,18,43,141.4,40.009226999999996,116.3162465,17,40.009508749999995,116.315967
004,40.009226999999996,116.3162465,17,40.009508749999995,116.315967,2009-05-06 04:04:31+08:00,5,6,2,4,4,330.23333333333335,39.9998785,116.32663975,0,39.9996055,116.32686100000001
004,40.010766000000004,116.321366,6,40.009533250000004,116.32199324999999,2009-05-06 12:55:08+08:00,5,6,2,12,55,303.55,39.999917,116.327195,0,39.9996055,116.32686100000001
004,39.999917,116.327195,0,39.9996055,116.32686100000001,2009-05-07 09:37:56+08:00,5,7,3,9,37,213.8,39.999893,116.327372,0,39.9996055,116.32686100000001
004,39.999893,116.327372,0,39.9996055,116.32686100000001,2009-05-07 14:40:57+08:00,5,7,3,14,40,182.01666666666668,40.00917125,116.32297875,6,40.009533250000004,116.32199324999999
004,40.00917125,116.32297875,6,40.009533250000004,116.32199324999999,2009-05-07 17:47:48+08:00,5,7,3,17,47,188.91666666666666,40.0000405,116.327155,0,39.9996055,116.32686100000001
004,40.0000405,116.327155,0,39.9996055,116.32686100000001,2009-05-08 10:08:22+08:00,5,8,4,10,8,292.1166666666667,39.99123175,116.331705,0,39.9996055,116.32686100000001
004,39.99123175,116.331705,0,39.9996055,116.32686100000001,2009-05-08 15:45:55+08:00,5,8,4,15,45,226.35,39.965881499999995,116.301391,19,39.966192,116.301349
004,39.965881499999995,116.301391,19,39.966192,116.301349,2009-05-09 11:32:44+08:00,5,9,5,11,32,380.3,39.966575,116.30121,19,39.966192,116.301349
004,39.99999,116.325788,0,39.9996055,116.32686100000001,2009-05-11 18:12:20+08:00,5,11,0,18,12,346.51666666666665,40.010174,116.322821,6,40.009533250000004,116.32199324999999
004,40.010174,116.322821,6,40.009533250000004,116.32199324999999,2009-05-12 12:11:39+08:00,5,12,1,12,11,192.71666666666667,39.999911,116.327085,0,39.9996055,116.32686100000001
004,39.999911,116.327085,0,39.9996055,116.32686100000001,2009-05-12 16:07:11+08:00,5,12,1,16,7,107.9,39.999887,116.325592,0,39.9996055,116.32686100000001
004,39.999887,116.325592,0,39.9996055,116.32686100000001,2009-05-12 18:51:30+08:00,5,12,1,18,51,140.66666666666666,40.01069724999999,116.32202899999999,6,40.009533250000004,116.32199324999999
004,40.01069724999999,116.32202899999999,6,40.009533250000004,116.32199324999999,2009-05-12 21:15:55+08:00,5,12,1,21,15,82.01666666666667,40.001273499999996,116.3269095,0,39.9996055,116.32686100000001
004,40.001273499999996,116.3269095,0,39.9996055,116.32686100000001,2009-05-12 22:44:11+08:00,5,12,1,22,44,250.3,39.999807,116.326655,0,39.9996055,116.32686100000001
004,39.999807,116.326655,0,39.9996055,116.32686100000001,2009-05-13 13:37:38+08:00,5,13,2,13,37,97.08333333333333,40.001084,116.32365,0,39.9996055,116.32686100000001
004,40.001084,116.32365,0,39.9996055,116.32686100000001,2009-05-13 15:14:43+08:00,5,13,2,15,14,99.9,40.00308425,116.32546925,0,39.9996055,116.32686100000001
004,40.00308425,116.32546925,0,39.9996055,116.32686100000001,2009-05-13 17:03:55+08:00,5,13,2,17,3,86.28333333333333,39.999911,116.327317,0,39.9996055,116.32686100000001
004,39.999911,116.327317,0,39.9996055,116.32686100000001,2009-05-13 20:13:19+08:00,5,13,2,20,13,135.08333333333334,39.99974625,116.32611175000001,0,39.9996055,116.32686100000001
004,39.99974625,116.32611175000001,0,39.9996055,116.32686100000001,2009-05-14 10:41:37+08:00,5,14,3,10,41,85.73333333333333,40.006684,116.3253875,0,39.9996055,116.32686100000001
004,40.006684,116.3253875,0,39.9996055,116.32686100000001,2009-05-14 14:02:16+08:00,5,14,3,14,2,83.93333333333334,39.999976,116.327166,0,39.9996055,116.32686100000001
004,39.999976,116.327166,0,39.9996055,116.32686100000001,2009-05-14 15:43:54+08:00,5,14,3,15,43,108.43333333333334,40.000036,116.327113,0,39.9996055,116.32686100000001
004,40.000036,116.327113,0,39.9996055,116.32686100000001,2009-05-15 14:53:06+08:00,5,15,4,14,53,139.76666666666668,39.99967049999999,116.327073,0,39.9996055,116.32686100000001
004,39.99967049999999,116.327073,0,39.9996055,116.32686100000001,2009-05-16 13:34:24+08:00,5,16,5,13,34,219.1,39.995414499999995,116.3276145,0,39.9996055,116.32686100000001
004,39.999868500000005,116.32616025,0,39.9996055,116.32686100000001,2009-05-18 13:52:48+08:00,5,18,0,13,52,225.3,40.0009675,116.32683800000001,0,39.9996055,116.32686100000001
004,40.0009675,116.32683800000001,0,39.9996055,116.32686100000001,2009-05-18 18:26:00+08:00,5,18,0,18,26,251.58333333333334,39.9999055,116.3259885,0,39.9996055,116.32686100000001
004,39.9999055,116.3259885,0,39.9996055,116.32686100000001,2009-05-18 22:43:00+08:00,5,18,0,22,43,88.08333333333333,40.000631,116.32713225,0,39.9996055,116.32686100000001
004,40.000631,116.32713225,0,39.9996055,116.32686100000001,2009-05-19 09:28:01+08:00,5,19,1,9,28,155.05,40.0093235,116.32413249999999,6,40.009533250000004,116.32199324999999
004,40.0093235,116.32413249999999,6,40.009533250000004,116.32199324999999,2009-05-19 13:32:21+08:00,5,19,1,13,32,79.28333333333333,39.999953500000004,116.3272015,0,39.9996055,116.32686100000001
004,39.999953500000004,116.3272015,0,39.9996055,116.32686100000001,2009-05-19 15:16:45+08:00,5,19,1,15,16,150.9,39.999919,116.325367,0,39.9996055,116.32686100000001
004,39.999919,116.325367,0,39.9996055,116.32686100000001,2009-05-19 18:29:03+08:00,5,19,1,18,29,84.46666666666667,40.00994575,116.32318025000001,6,40.009533250000004,116.32199324999999
004,40.00994575,116.32318025000001,6,40.009533250000004,116.32199324999999,2009-05-19 19:56:06+08:00,5,19,1,19,56,73.25,39.999843999999996,116.3248855,0,39.9996055,116.32686100000001
004,39.999843999999996,116.3248855,0,39.9996055,116.32686100000001,2009-05-19 21:13:41+08:00,5,19,1,21,13,301.03333333333336,40.000876,116.324059,0,39.9996055,116.32686100000001
004,39.99985375,116.3264405,0,39.9996055,116.32686100000001,2009-05-20 19:54:02+08:00,5,20,2,19,54,342.43333333333334,39.9999375,116.3270325,0,39.9996055,116.32686100000001
004,39.9993185,116.32704075000001,0,39.9996055,116.32686100000001,2009-05-23 21:18:32+08:00,5,23,5,21,18,287.51666666666665,40.000532500000006,116.326942,0,39.9996055,116.32686100000001
004,40.000532500000006,116.326942,0,39.9996055,116.32686100000001,2009-05-24 08:51:35+08:00,5,24,6,8,51,234.26666666666668,39.999931,116.326087,0,39.9996055,116.32686100000001
004,39.999931,116.326087,0,39.9996055,116.32686100000001,2009-05-24 13:18:37+08:00,5,24,6,13,18,270.6333333333333,39.999694,116.326989,0,39.9996055,116.32686100000001
004,39.999694,116.326989,0,39.9996055,116.32686100000001,2009-05-25 15:02:43+08:00,5,25,0,15,2,167.41666666666666,39.994033,116.326381,0,39.9996055,116.32686100000001
004,39.994033,116.326381,0,39.9996055,116.32686100000001,2009-05-25 17:55:33+08:00,5,25,0,17,55,118.63333333333334,40.000062,116.326814,0,39.9996055,116.32686100000001
004,40.000062,116.326814,0,39.9996055,116.32686100000001,2009-05-25 20:35:47+08:00,5,25,0,20,35,146.88333333333333,40.010312,116.322072,6,40.009533250000004,116.32199324999999
004,40.010312,116.322072,6,40.009533250000004,116.32199324999999,2009-05-26 12:05:51+08:00,5,26,1,12,5,177.76666666666668,40.001511,116.326985,0,39.9996055,116.32686100000001
004,40.001511,116.326985,0,39.9996055,116.32686100000001,2009-05-26 15:22:26+08:00,5,26,1,15,22,142.16666666666666,40.009285500000004,116.32184799999999,6,40.009533250000004,116.32199324999999
004,40.009285500000004,116.32184799999999,6,40.009533250000004,116.32199324999999,2009-05-26 17:47:41+08:00,5,26,1,17,47,135.73333333333332,39.999754,116.326968,0,39.9996055,116.32686100000001
004,39.999754,116.326968,0,39.9996055,116.32686100000001,2009-05-26 20:08:25+08:00,5,26,1,20,8,66.4,39.999750750000004,116.327004,0,39.9996055,116.32686100000001
004,39.999750750000004,116.327004,0,39.9996055,116.32686100000001,2009-05-26 21:33:40+08:00,5,26,1,21,33,221.18333333333334,40.000824,116.32435,0,39.9996055,116.32686100000001
004,40.000824,116.32435,0,39.9996055,116.32686100000001,2009-05-27 15:14:25+08:00,5,27,2,15,14,98.51666666666667,40.000139000000004,116.3272065,0,39.9996055,116.32686100000001
004,40.000139000000004,116.3272065,0,39.9996055,116.32686100000001,2009-05-27 16:52:56+08:00,5,27,2,16,52,88.7,39.9999305,116.3269555,0,39.9996055,116.32686100000001
004,39.9999305,116.3269555,0,39.9996055,116.32686100000001,2009-05-27 18:56:02+08:00,5,27,2,18,56,220.41666666666666,39.99460125,116.32712075,0,39.9996055,116.32686100000001
004,39.99460125,116.32712075,0,39.9996055,116.32686100000001,2009-05-28 10:57:08+08:00,5,28,3,10,57,100.28333333333333,39.999425,116.32703975000001,0,39.9996055,116.32686100000001
004,39.999425,116.32703975000001,0,39.9996055,116.32686100000001,2009-05-28 12:40:10+08:00,5,28,3,12,40,290.43333333333334,39.96654025,116.30108025,19,39.966192,116.301349
004,39.96654025,116.30108025,19,39.966192,116.301349,2009-05-28 17:59:41+08:00,5,28,3,17,59,63.4,39.966483,116.301145,19,39.966192,116.301349
004,39.966483,116.301145,19,39.966192,116.301349,2009-05-29 19:43:05+08:00,5,29,4,19,43,62.11666666666667,39.9656935,116.30148,19,39.966192,116.301349
004,39.9656935,116.30148,19,39.966192,116.301349,2009-05-30 11:59:03+08:00,5,30,5,11,59,111.11666666666666,40.00055575,116.3268395,0,39.9996055,116.32686100000001
004,40.00055575,116.3268395,0,39.9996055,116.32686100000001,2009-05-30 21:05:20+08:00,5,30,5,21,5,235.3,39.99992225,116.32715825,0,39.9996055,116.32686100000001
004,39.99992225,116.32715825,0,39.9996055,116.32686100000001,2009-06-01 16:10:26+08:00,6,1,0,16,10,100.35,39.996254500000006,116.3258145,0,39.9996055,116.32686100000001
004,39.996254500000006,116.3258145,0,39.9996055,116.32686100000001,2009-06-01 18:50:43+08:00,6,1,0,18,50,89.96666666666667,39.999765,116.32702,0,39.9996055,116.32686100000001
004,39.999765,116.32702,0,39.9996055,116.32686100000001,2009-06-01 20:20:41+08:00,6,1,0,20,20,130.85,40.009851749999996,116.3227095,6,40.009533250000004,116.32199324999999
004,40.009851749999996,116.3227095,6,40.009533250000004,116.32199324999999,2009-06-02 13:29:37+08:00,6,2,1,13,29,124.16666666666667,40.0001565,116.32624025,0,39.9996055,116.32686100000001
004,40.0001565,116.32624025,0,39.9996055,116.32686100000001,2009-06-02 15:40:57+08:00,6,2,1,15,40,129.85,39.999961,116.327152,0,39.9996055,116.32686100000001
004,39.999961,116.327152,0,39.9996055,116.32686100000001,2009-06-03 13:03:32+08:00,6,3,2,13,3,245.73333333333332,40.003252,116.324566,0,39.9996055,116.32686100000001
004,40.003252,116.324566,0,39.9996055,116.32686100000001,2009-06-03 18:10:09+08:00,6,3,2,18,10,102.56666666666666,40.010679499999995,116.321074,6,40.009533250000004,116.32199324999999
004,40.010679499999995,116.321074,6,40.009533250000004,116.32199324999999,2009-06-03 19:57:18+08:00,6,3,2,19,57,76.28333333333333,39.999837,116.3253945,0,39.9996055,116.32686100000001
004,39.999837,116.3253945,0,39.9996055,116.32686100000001,2009-06-03 21:17:45+08:00,6,3,2,21,17,102.53333333333333,40.0090815,116.316511,17,40.009508749999995,116.315967
004,40.0090815,116.316511,17,40.009508749999995,116.315967,2009-06-03 23:17:47+08:00,6,3,2,23,17,67.6,40.000049250000004,116.32600325,0,39.9996055,116.32686100000001
004,40.000049250000004,116.32600325,0,39.9996055,116.32686100000001,2009-06-04 09:09:18+08:00,6,4,3,9,9,174.65,40.002071,116.326641,0,39.9996055,116.32686100000001
004,40.002071,116.326641,0,39.9996055,116.32686100000001,2009-06-04 13:00:01+08:00,6,4,3,13,0,292.65,39.999745250000004,116.32819025,0,39.9996055,116.32686100000001
004,39.999745250000004,116.32819025,0,39.9996055,116.32686100000001,2009-06-04 18:28:28+08:00,6,4,3,18,28,93.08333333333333,39.999884,116.32623749999999,0,39.9996055,116.32686100000001
004,39.999884,116.32623749999999,0,39.9996055,116.32686100000001,2009-06-05 10:13:13+08:00,6,5,4,10,13,102.88333333333334,40.0098325,116.315041,17,40.009508749999995,116.315967
004,40.0098325,116.315041,17,40.009508749999995,116.315967,2009-06-05 12:37:11+08:00,6,5,4,12,37,84.16666666666667,40.000182,116.3270355,0,39.9996055,116.32686100000001
004,40.000182,116.3270355,0,39.9996055,116.32686100000001,2009-06-05 14:11:41+08:00,6,5,4,14,11,186.01666666666668,40.00316925,116.32476374999999,0,39.9996055,116.32686100000001
004,40.00316925,116.32476374999999,0,39.9996055,116.32686100000001,2009-06-05 18:04:36+08:00,6,5,4,18,4,120.48333333333333,40.002231,116.324361,0,39.9996055,116.32686100000001
004,39.96726175,116.30098975,19,39.966192,116.301349,2009-06-07 17:06:49+08:00,6,7,6,17,6,108.7,40.000904,116.326855,0,39.9996055,116.32686100000001
004,40.000904,116.326855,0,39.9996055,116.32686100000001,2009-06-08 14:09:02+08:00,6,8,0,14,9,208.01666666666668,39.999936,116.326993,0,39.9996055,116.32686100000001
004,39.999936,116.326993,0,39.9996055,116.32686100000001,2009-06-09 15:49:46+08:00,6,9,1,15,49,141.65,40.001107,116.326741,0,39.9996055,116.32686100000001
004,40.001107,116.326741,0,39.9996055,116.32686100000001,2009-06-09 18:38:21+08:00,6,9,1,18,38,235.43333333333334,40.000001,116.3273265,0,39.9996055,116.32686100000001
004,40.000001,116.3273265,0,39.9996055,116.32686100000001,2009-06-10 13:18:29+08:00,6,10,2,13,18,106.65,40.0092425,116.3208395,6,40.009533250000004,116.32199324999999
004,40.0092425,116.3208395,6,40.009533250000004,116.32199324999999,2009-06-10 17:23:46+08:00,6,10,2,17,23,78.06666666666666,40.001298,116.32703,0,39.9996055,116.32686100000001
004,40.001298,116.32703,0,39.9996055,116.32686100000001,2009-06-11 15:04:24+08:00,6,11,3,15,4,232.08333333333334,40.01005375,116.32099350000001,6,40.009533250000004,116.32199324999999
004,40.01005375,116.32099350000001,6,40.009533250000004,116.32199324999999,2009-06-11 19:13:39+08:00,6,11,3,19,13,98.36666666666666,39.999793999999994,116.32609725,0,39.9996055,116.32686100000001
004,39.999793999999994,116.32609725,0,39.9996055,116.32686100000001,2009-06-11 20:59:56+08:00,6,11,3,20,59,65.78333333333333,40.0007015,116.32700700000001,0,39.9996055,116.32686100000001
004,40.007749,116.321113,6,40.009533250000004,116.32199324999999,2009-06-14 16:38:23+08:00,6,14,6,16,38,114.91666666666667,40.000133000000005,116.3271545,0,39.9996055,116.32686100000001
004,40.000133000000005,116.3271545,0,39.9996055,116.32686100000001,2009-06-15 13:00:08+08:00,6,15,0,13,0,357.26666666666665,39.999833,116.326925,0,39.9996055,116.32686100000001
004,39.999833,116.326925,0,39.9996055,116.32686100000001,2009-06-16 14:12:41+08:00,6,16,1,14,12,244.11666666666667,40.000654,116.327054,0,39.9996055,116.32686100000001
004,40.000654,116.327054,0,39.9996055,116.32686100000001,2009-06-16 18:51:43+08:00,6,16,1,18,51,221.38333333333333,40.0004955,116.32652475,0,39.9996055,116.32686100000001
004,40.0004955,116.32652475,0,39.9996055,116.32686100000001,2009-06-17 09:53:32+08:00,6,17,2,9,53,81.23333333333333,40.0005935,116.3270605,0,39.9996055,116.32686100000001
004,40.0005935,116.3270605,0,39.9996055,116.32686100000001,2009-06-17 14:09:23+08:00,6,17,2,14,9,207.33333333333334,39.99939575,116.32688300000001,0,39.9996055,116.32686100000001
004,39.99939575,116.32688300000001,0,39.9996055,116.32686100000001,2009-06-17 19:10:04+08:00,6,17,2,19,10,313.71666666666664,39.999975,116.327388,0,39.9996055,116.32686100000001
004,39.999975,116.327388,0,39.9996055,116.32686100000001,2009-06-19 14:50:42+08:00,6,19,4,14,50,105.35,39.99897,116.327541,0,39.9996055,116.32686100000001
004,39.99897,116.327541,0,39.9996055,116.32686100000001,2009-06-20 15:21:29+08:00,6,20,5,15,21,259.56666666666666,39.9983335,116.32682475,0,39.9996055,116.32686100000001
004,40.000048,116.327249,0,39.9996055,116.32686100000001,2009-06-22 13:56:56+08:00,6,22,0,13,56,210.11666666666667,40.000256,116.327032,0,39.9996055,116.32686100000001
004,40.000256,116.327032,0,39.9996055,116.32686100000001,2009-06-22 17:51:18+08:00,6,22,0,17,51,262.28333333333336,39.9998095,116.326146,0,39.9996055,116.32686100000001
004,39.9998095,116.326146,0,39.9996055,116.32686100000001,2009-06-22 22:21:10+08:00,6,22,0,22,21,189.76666666666668,40.009666,116.32322,6,40.009533250000004,116.32199324999999
004,40.000091999999995,116.32518,0,39.9996055,116.32686100000001,2009-06-23 21:38:24+08:00,6,23,1,21,38,266.1333333333333,39.999942,116.3267,0,39.9996055,116.32686100000001
004,39.999942,116.3267,0,39.9996055,116.32686100000001,2009-06-24 09:35:54+08:00,6,24,2,9,35,84.45,39.9999675,116.32663525,0,39.9996055,116.32686100000001
004,39.9999675,116.32663525,0,39.9996055,116.32686100000001,2009-06-24 12:11:23+08:00,6,24,2,12,11,331.1,39.99925325,116.32687575,0,39.9996055,116.32686100000001
004,39.99925325,116.32687575,0,39.9996055,116.32686100000001,2009-06-25 21:32:50+08:00,6,25,3,21,32,135.63333333333333,40.0047625,116.324947,0,39.9996055,116.32686100000001
004,40.0047625,116.324947,0,39.9996055,116.32686100000001,2009-06-26 06:00:21+08:00,6,26,4,6,0,132.0,39.999936,116.327143,0,39.9996055,116.32686100000001
004,39.999936,116.327143,0,39.9996055,116.32686100000001,2009-06-26 08:57:04+08:00,6,26,4,8,57,183.55,40.009271749999996,116.3234585,6,40.009533250000004,116.32199324999999
004,40.009271749999996,116.3234585,6,40.009533250000004,116.32199324999999,2009-06-26 12:06:02+08:00,6,26,4,12,6,212.01666666666668,40.0013835,116.3266955,0,39.9996055,116.32686100000001
004,40.0013835,116.3266955,0,39.9996055,116.32686100000001,2009-06-26 15:46:54+08:00,6,26,4,15,46,128.66666666666666,39.999764,116.327096,0,39.9996055,116.32686100000001
004,39.999764,116.327096,0,39.9996055,116.32686100000001,2009-06-26 19:22:41+08:00,6,26,4,19,22,359.96666666666664,40.001389,116.326934,0,39.9996055,116.32686100000001
004,40.001389,116.326934,0,39.9996055,116.32686100000001,2009-06-27 15:43:19+08:00,6,27,5,15,43,80.3,40.01133900000001,116.32000675,6,40.009533250000004,116.32199324999999
004,40.01133900000001,116.32000675,6,40.009533250000004,116.32199324999999,2009-06-27 17:12:27+08:00,6,27,5,17,12,80.08333333333333,39.99409725,116.32655075,0,39.9996055,116.32686100000001
004,39.99409725,116.32655075,0,39.9996055,116.32686100000001,2009-06-27 19:18:33+08:00,6,27,5,19,18,67.5,39.990894,116.3337435,0,39.9996055,116.32686100000001
004,39.965934,116.3009175,19,39.966192,116.301349,2009-06-28 12:44:13+08:00,6,28,6,12,44,78.8,39.999803,116.326895,0,39.9996055,116.32686100000001
004,39.999803,116.326895,0,39.9996055,116.32686100000001,2009-06-28 14:47:51+08:00,6,28,6,14,47,297.1333333333333,40.0063905,116.326526,0,39.9996055,116.32686100000001
004,40.0063905,116.326526,0,39.9996055,116.32686100000001,2009-06-29 09:57:07+08:00,6,29,0,9,57,104.28333333333333,39.999825,116.326926,0,39.9996055,116.32686100000001
004,39.999825,116.326926,0,39.9996055,116.32686100000001,2009-06-29 12:24:03+08:00,6,29,0,12,24,266.21666666666664,40.0036675,116.323303,0,39.9996055,116.32686100000001
004,40.0036675,116.323303,0,39.9996055,116.32686100000001,2009-06-30 14:45:41+08:00,6,30,1,14,45,144.83333333333334,39.999988,116.32712599999999,0,39.9996055,116.32686100000001
004,39.999988,116.32712599999999,0,39.9996055,116.32686100000001,2009-06-30 18:37:51+08:00,6,30,1,18,37,88.2,40.001917,116.326627,0,39.9996055,116.32686100000001
004,40.001917,116.326627,0,39.9996055,116.32686100000001,2009-06-30 20:06:03+08:00,6,30,1,20,6,97.15,39.999859,116.327097,0,39.9996055,116.32686100000001
004,40.002441,116.32652,0,39.9996055,116.32686100000001,2009-07-01 13:32:17+08:00,7,1,2,13,32,253.83333333333334,39.9999295,116.32655,0,39.9996055,116.32686100000001
004,39.9999295,116.32655,0,39.9996055,116.32686100000001,2009-07-01 21:00:12+08:00,7,1,2,21,0,252.88333333333333,40.0006085,116.32783950000001,0,39.9996055,116.32686100000001
004,40.0006085,116.32783950000001,0,39.9996055,116.32686100000001,2009-07-03 08:41:05+08:00,7,3,4,8,41,308.21666666666664,40.000527250000005,116.32719675000001,0,39.9996055,116.32686100000001
004,40.000527250000005,116.32719675000001,0,39.9996055,116.32686100000001,2009-07-03 14:10:13+08:00,7,3,4,14,10,227.76666666666668,40.000143,116.327095,0,39.9996055,116.32686100000001
004,40.000143,116.327095,0,39.9996055,116.32686100000001,2009-07-04 09:12:34+08:00,7,4,5,9,12,178.23333333333332,39.99975825,116.32586800000001,0,39.9996055,116.32686100000001
004,39.99975825,116.32586800000001,0,39.9996055,116.32686100000001,2009-07-04 12:50:54+08:00,7,4,5,12,50,118.96666666666667,40.011479,116.321706,6,40.009533250000004,116.32199324999999
004,40.011479,116.321706,6,40.009533250000004,116.32199324999999,2009-07-04 15:08:12+08:00,7,4,5,15,8,222.45,39.96565425,116.301596,19,39.966192,116.301349
004,39.96565425,116.301596,19,39.966192,116.301349,2009-07-04 19:55:29+08:00,7,4,5,19,55,68.31666666666666,39.999391,116.326879,0,39.9996055,116.32686100000001
004,40.00097074999999,116.32616775,0,39.9996055,116.32686100000001,2009-07-06 15:58:56+08:00,7,6,0,15,58,82.88333333333334,40.000966500000004,116.3270645,0,39.9996055,116.32686100000001
004,40.000966500000004,116.3270645,0,39.9996055,116.32686100000001,2009-07-07 09:57:11+08:00,7,7,1,9,57,103.73333333333333,40.009476250000006,116.323384,6,40.009533250000004,116.32199324999999
004,40.009476250000006,116.323384,6,40.009533250000004,116.32199324999999,2009-07-07 11:44:05+08:00,7,7,1,11,44,118.11666666666666,40.001047,116.32675,0,39.9996055,116.32686100000001
004,40.00041425,116.32686100000001,0,39.9996055,116.32686100000001,2009-07-07 19:34:48+08:00,7,7,1,19,34,144.3,40.00139,116.326611,0,39.9996055,116.32686100000001
004,40.00139,116.326611,0,39.9996055,116.32686100000001,2009-07-07 21:59:06+08:00,7,7,1,21,59,171.71666666666667,40.00094425,116.32687125000001,0,39.9996055,116.32686100000001
004,40.00094425,116.32687125000001,0,39.9996055,116.32686100000001,2009-07-08 10:18:07+08:00,7,8,2,10,18,111.53333333333333,40.0043955,116.322293,0,39.9996055,116.32686100000001
004,40.000326,116.327172,0,39.9996055,116.32686100000001,2009-07-08 16:02:29+08:00,7,8,2,16,2,124.45,39.999841,116.3270165,0,39.9996055,116.32686100000001
004,39.999841,116.3270165,0,39.9996055,116.32686100000001,2009-07-08 19:08:11+08:00,7,8,2,19,8,106.56666666666666,39.99993,116.326571,0,39.9996055,116.32686100000001
004,39.99993,116.326571,0,39.9996055,116.32686100000001,2009-07-08 21:27:48+08:00,7,8,2,21,27,196.1,40.000741,116.326937,0,39.9996055,116.32686100000001
004,40.000741,116.326937,0,39.9996055,116.32686100000001,2009-07-09 13:16:23+08:00,7,9,3,13,16,287.2,39.999627000000004,116.32684449999999,0,39.9996055,116.32686100000001
004,39.999627000000004,116.32684449999999,0,39.9996055,116.32686100000001,2009-07-09 18:42:47+08:00,7,9,3,18,42,133.05,39.99648,116.326749,0,39.9996055,116.32686100000001
004,39.99648,116.326749,0,39.9996055,116.32686100000001,2009-07-09 20:55:50+08:00,7,9,3,20,55,314.93333333333334,40.01007225,116.32081149999999,6,40.009533250000004,116.32199324999999
004,40.01007225,116.32081149999999,6,40.009533250000004,116.32199324999999,2009-07-10 11:20:38+08:00,7,10,4,11,20,63.71666666666667,40.00011,116.327447,0,39.9996055,116.32686100000001
004,40.00011,116.327447,0,39.9996055,116.32686100000001,2009-07-10 12:31:11+08:00,7,10,4,12,31,305.3833333333333,39.96577875,116.30215025,19,39.966192,116.301349
004,39.96577875,116.30215025,19,39.966192,116.301349,2009-07-10 18:42:09+08:00,7,10,4,18,42,80.93333333333334,39.999894,116.32704,0,39.9996055,116.32686100000001
004,39.999894,116.32704,0,39.9996055,116.32686100000001,2009-07-10 20:28:30+08:00,7,10,4,20,28,291.6666666666667,39.99482075,116.3265485,0,39.9996055,116.32686100000001
004,39.99482075,116.3265485,0,39.9996055,116.32686100000001,2009-07-11 12:10:38+08:00,7,11,5,12,10,101.25,40.0106215,116.321937,6,40.009533250000004,116.32199324999999
004,40.0106215,116.321937,6,40.009533250000004,116.32199324999999,2009-07-11 14:11:53+08:00,7,11,5,14,11,83.71666666666667,39.994896499999996,116.3281495,0,39.9996055,116.32686100000001
004,39.994896499999996,116.3281495,0,39.9996055,116.32686100000001,2009-07-11 15:50:56+08:00,7,11,5,15,50,82.66666666666667,39.991518,116.33230574999999,0,39.9996055,116.32686100000001
004,39.991518,116.33230574999999,0,39.9996055,116.32686100000001,2009-07-11 17:24:01+08:00,7,11,5,17,24,184.0,39.99954925,116.3270775,0,39.9996055,116.32686100000001
004,39.99954925,116.3270775,0,39.9996055,116.32686100000001,2009-07-11 21:04:06+08:00,7,11,5,21,4,275.78333333333336,39.966106499999995,116.3011165,19,39.966192,116.301349
004,39.999832749999996,116.325998,0,39.9996055,116.32686100000001,2009-07-13 12:52:19+08:00,7,13,0,12,52,123.65,40.00042925,116.3265615,0,39.9996055,116.32686100000001
004,40.00042925,116.3265615,0,39.9996055,116.32686100000001,2009-07-13 15:20:43+08:00,7,13,0,15,20,115.88333333333334,40.000842,116.3252255,0,39.9996055,116.32686100000001
004,40.000842,116.3252255,0,39.9996055,116.32686100000001,2009-07-13 19:39:10+08:00,7,13,0,19,39,350.3,39.999972,116.32605749999999,0,39.9996055,116.32686100000001
004,39.999972,116.32605749999999,0,39.9996055,116.32686100000001,2009-07-14 12:52:32+08:00,7,14,1,12,52,258.5,40.009211,116.320525,6,40.009533250000004,116.32199324999999
004,40.009211,116.320525,6,40.009533250000004,116.32199324999999,2009-07-14 17:16:57+08:00,7,14,1,17,16,101.88333333333334,39.999918,116.32623025000001,0,39.9996055,116.32686100000001
004,39.999918,116.32623025000001,0,39.9996055,116.32686100000001,2009-07-14 19:05:50+08:00,7,14,1,19,5,225.8,39.999924,116.327076,0,39.9996055,116.32686100000001
004,39.999924,116.327076,0,39.9996055,116.32686100000001,2009-07-15 09:14:05+08:00,7,15,2,9,14,84.25,40.000694249999995,116.32698625,0,39.9996055,116.32686100000001
004,40.000694249999995,116.32698625,0,39.9996055,116.32686100000001,2009-07-15 10:50:55+08:00,7,15,2,10,50,78.95,40.00058875,116.32689825,0,39.9996055,116.32686100000001
004,40.00058875,116.32689825,0,39.9996055,116.32686100000001,2009-07-15 12:41:05+08:00,7,15,2,12,41,218.03333333333333,39.9997515,116.326497,0,39.9996055,116.32686100000001
004,39.9997515,116.326497,0,39.9996055,116.32686100000001,2009-07-15 16:44:02+08:00,7,15,2,16,44,66.58333333333333,40.001033,116.32643350000001,0,39.9996055,116.32686100000001
004,39.997389,116.32679350000001,0,39.9996055,116.32686100000001,2009-07-17 20:19:23+08:00,7,17,4,20,19,158.23333333333332,39.994946,116.3280675,0,39.9996055,116.32686100000001
004,39.966282,116.301165,19,39.966192,116.301349,2009-07-19 17:53:41+08:00,7,19,6,17,53,107.0,39.9992295,116.32699025,0,39.9996055,116.32686100000001
004,39.9992295,116.32699025,0,39.9996055,116.32686100000001,2009-07-19 20:31:41+08:00,7,19,6,20,31,145.06666666666666,39.9997815,116.3251525,0,39.9996055,116.32686100000001
004,40.000996,116.3259965,0,39.9996055,116.32686100000001,2009-07-21 12:42:01+08:00,7,21,1,12,42,352.3333333333333,39.998707499999995,116.326863,0,39.9996055,116.32686100000001
004,39.998707499999995,116.326863,0,39.9996055,116.32686100000001,2009-07-21 19:13:13+08:00,7,21,1,19,13,364.85,40.000476,116.32706,0,39.9996055,116.32686100000001
004,40.000476,116.32706,0,39.9996055,116.32686100000001,2009-07-23 12:09:29+08:00,7,23,3,12,9,79.83333333333333,39.9993695,116.32677699999999,0,39.9996055,116.32686100000001
004,39.9993695,116.32677699999999,0,39.9996055,116.32686100000001,2009-07-23 15:39:43+08:00,7,23,3,15,39,241.85,39.999523999999994,116.3269505,0,39.9996055,116.32686100000001
004,39.99983,116.3271345,0,39.9996055,116.32686100000001,2009-07-24 22:37:36+08:00,7,24,4,22,37,185.26666666666668,39.99969350000001,116.32726,0,39.9996055,116.32686100000001
004,39.99969350000001,116.32726,0,39.9996055,116.32686100000001,2009-07-25 19:35:56+08:00,7,25,5,19,35,327.21666666666664,39.96708,116.3011845,19,39.966192,116.301349
004,39.964337,116.301532,19,39.966192,116.301349,2009-07-26 17:51:10+08:00,7,26,6,17,51,178.48333333333332,40.000403000000006,116.32703000000001,0,39.9996055,116.32686100000001
004,40.000403000000006,116.32703000000001,0,39.9996055,116.32686100000001,2009-07-27 14:46:39+08:00,7,27,0,14,46,181.98333333333332,39.999943,116.326265,0,39.9996055,116.32686100000001
